Product,Key
Windows 11 Education N,2WH4N-8QGBV-H22JP-CT43Q-MDWWJ
Windows 11 Education,NW6C2-QMPVW-D7KKK-3GKT6-VCFB2
Windows 11 Enterprise G N,44RPN-FTY23-9VTTB-MP9BX-T84FV
Windows 11 Enterprise G,YYVX9-NTFWV-6MDM3-9PT4T-4M68B
Windows 11 Enterprise N,DPH2V-TTNVB-4X9Q3-TJR4H-KHJW4
Windows 11 Enterprise,NPPR9-FWDCX-D2C8J-H872K-2YT43
Windows 11 Pro Education N,YVWGF-BXNMC-HTQYQ-CPQ99-66QFC
Windows 11 Pro Education,6TP4R-GNPTD-KYYHQ-7B7DP-J447Y
Windows 11 Pro N,MH37W-N47XK-V7XM9-C7227-GCQG9
Windows 11 Pro for Workstations N,9FNHH-K3HBT-3W4TD-6383H-6XYWF
Windows 11 Pro for Workstations,NRG8B-VKK3Q-CXVCJ-9G2XF-6Q84J
Windows 11 Pro,W269N-WFGWX-YVC9B-4J6C9-T83GX
Windows 10 Professional Workstation,NRG8B-VKK3Q-CXVCJ-9G2XF-6Q84J
Windows 10 Professional Workstation N,9FNHH-K3HBT-3W4TD-6383H-6XYWF
Windows 10 Education N,2WH4N-8QGBV-H22JP-CT43Q-MDWWJ
Windows 10 Education,NW6C2-QMPVW-D7KKK-3GKT6-VCFB2
Windows 10 Enterprise 2015 LTSB N,2F77B-TNFGY-69QQF-B8YKP-D69TJ
Windows 10 Enterprise 2015 LTSB,WNMTR-4C88C-JK8YV-HQ7T2-76DF9
Windows 10 Enterprise 2016 LTSB N,QFFDN-GRT3P-VKWWX-X7T3R-8B639
Windows 10 Enterprise 2016 LTSB,DCPHK-NFMTC-H88MJ-PFHPY-QJ4BJ
Windows 10 Enterprise N,DPH2V-TTNVB-4X9Q3-TJR4H-KHJW4
Windows 10 Enterprise,NPPR9-FWDCX-D2C8J-H872K-2YT43
Windows 10 Professional N,MH37W-N47XK-V7XM9-C7227-GCQG9
Windows 10 Professional,W269N-WFGWX-YVC9B-4J6C9-T83GX
